-- Seed data for HR Attrition Analysis

INSERT INTO departments (dept_id, dept_name, location) VALUES
(1, 'Engineering', 'Bangalore'),
(2, 'Sales', 'Mumbai'),
(3, 'Marketing', 'Bangalore'),
(4, 'Customer Support', 'Pune'),
(5, 'Finance', 'Mumbai'),
(6, 'Human Resources', 'Bangalore');

INSERT INTO employees (emp_id, first_name, last_name, gender, dept_id, job_title, hire_date, termination_date, salary, manager_id) VALUES
(1, 'Zoya', 'Nair', 'F', 1, 'Engineering Manager', '2018-01-26', NULL, 1788786, NULL),
(2, 'Sanjay', 'Mehta', 'M', 2, 'Sales Manager', '2018-08-17', NULL, 1473158, NULL),
(3, 'Amir', 'Nair', 'M', 3, 'Marketing Manager', '2019-11-24', NULL, 1788323, NULL),
(4, 'Nadia', 'Pillai', 'F', 4, 'Support Team Lead', '2018-03-31', NULL, 1709588, NULL),
(5, 'Meera', 'Verma', 'F', 5, 'Finance Manager', '2018-01-31', NULL, 1449123, NULL),
(6, 'Karthik', 'Mehta', 'M', 6, 'HR Manager', '2019-06-02', NULL, 1715631, NULL),
(7, 'Riya', 'Gupta', 'F', 1, 'Software Engineer', '2023-09-15', NULL, 865466, 1),
(8, 'Farah', 'Singh', 'F', 2, 'Senior Sales Executive', '2022-10-25', '2023-07-09', 840532, 2),
(9, 'Ishaan', 'Joshi', 'M', 4, 'Senior Support Associate', '2022-11-09', NULL, 645647, 4),
(10, 'Omar', 'Kumar', 'M', 1, 'Senior Software Engineer', '2019-11-19', NULL, 1331070, 1),
(11, 'Neha', 'Gupta', 'F', 3, 'Marketing Associate', '2019-10-12', NULL, 526039, 3),
(12, 'Fatima', 'Nair', 'F', 2, 'Senior Sales Executive', '2023-04-06', '2024-12-28', 883402, 2),
(13, 'Aisha', 'Khan', 'F', 2, 'Sales Executive', '2019-10-20', NULL, 599976, 2),
(14, 'Omar', 'Pillai', 'M', 3, 'Marketing Specialist', '2021-06-18', NULL, 730021, 3),
(15, 'Diya', 'Khan', 'F', 3, 'Marketing Associate', '2019-09-29', '2026-08-07', 606350, 3),
(16, 'Nadia', 'Chopra', 'F', 4, 'Senior Support Associate', '2020-08-08', NULL, 576151, 4),
(17, 'Neha', 'Singh', 'F', 6, 'HR Business Partner', '2023-06-24', NULL, 738283, 6),
(18, 'Kabir', 'Rao', 'M', 1, 'Software Engineer', '2023-09-26', NULL, 900019, 1),
(19, 'Isha', 'Khan', 'F', 4, 'Support Associate', '2019-02-17', '2024-10-25', 497620, 4),
(20, 'Arjun', 'Singh', 'M', 1, 'Senior Software Engineer', '2020-10-09', NULL, 1375018, 1),
(21, 'Sanjay', 'Menon', 'M', 6, 'HR Associate', '2021-01-01', NULL, 489117, 6),
(22, 'Pooja', 'Gupta', 'F', 5, 'Senior Financial Analyst', '2020-09-18', NULL, 984694, 5),
(23, 'Pooja', 'Patel', 'F', 1, 'Software Engineer', '2024-06-24', NULL, 916928, 1),
(24, 'Rahul', 'Verma', 'M', 3, 'Marketing Associate', '2021-09-13', NULL, 595932, 3),
(25, 'Imran', 'Pillai', 'M', 1, 'Software Engineer', '2020-05-30', NULL, 912296, 1),
(26, 'Sanjay', 'Menon', 'M', 2, 'Sales Executive', '2023-09-30', NULL, 648994, 2),
(27, 'Farah', 'Sheikh', 'F', 2, 'Senior Sales Executive', '2023-06-23', '2024-04-05', 883133, 2),
(28, 'Priya', 'Sharma', 'F', 1, 'Software Engineer', '2021-07-31', '2022-05-19', 846364, 1),
(29, 'Fatima', 'Patel', 'F', 1, 'Software Engineer', '2019-10-18', NULL, 898535, 1),
(30, 'Omar', 'Das', 'M', 6, 'HR Associate', '2024-04-20', NULL, 555840, 6),
(31, 'Ishaan', 'Singh', 'M', 1, 'Senior Software Engineer', '2022-12-22', NULL, 1311213, 1),
(32, 'Aisha', 'Nair', 'F', 1, 'Senior Software Engineer', '2019-09-06', '2023-02-19', 1359542, 1),
(33, 'Sneha', 'Reddy', 'F', 5, 'Financial Analyst', '2023-09-25', NULL, 660875, 5),
(34, 'Yusuf', 'Pillai', 'M', 4, 'Support Associate', '2020-02-06', NULL, 470855, 4),
(35, 'Omar', 'Mehta', 'M', 1, 'Senior Software Engineer', '2020-11-12', '2025-07-01', 1313092, 1),
(36, 'Rohan', 'Kumar', 'M', 1, 'Senior Software Engineer', '2019-01-09', NULL, 1371440, 1),
(37, 'Arjun', 'Singh', 'M', 4, 'Support Associate', '2024-06-16', NULL, 438890, 4),
(38, 'Amir', 'Pillai', 'M', 5, 'Senior Financial Analyst', '2019-09-07', NULL, 906572, 5),
(39, 'Omar', 'Menon', 'M', 5, 'Financial Analyst', '2020-10-06', NULL, 660500, 5),
(40, 'Pooja', 'Iyer', 'F', 1, 'Senior Software Engineer', '2021-08-21', '2025-05-02', 1382802, 1),
(41, 'Pooja', 'Iyer', 'F', 1, 'Senior Software Engineer', '2023-09-14', '2025-06-27', 1251705, 1),
(42, 'Kabir', 'Sheikh', 'M', 4, 'Senior Support Associate', '2024-02-16', NULL, 551220, 4),
(43, 'Pooja', 'Das', 'F', 4, 'Support Associate', '2020-02-14', NULL, 411122, 4),
(44, 'Omar', 'Joshi', 'M', 2, 'Sales Executive', '2019-10-09', NULL, 587353, 2),
(45, 'Sneha', 'Pillai', 'F', 2, 'Sales Executive', '2022-05-24', NULL, 635120, 2),
(46, 'Ishaan', 'Reddy', 'M', 6, 'HR Associate', '2021-12-19', NULL, 547310, 6),
(47, 'Kabir', 'Khan', 'M', 5, 'Financial Analyst', '2022-02-28', NULL, 694942, 5),
(48, 'Aisha', 'Khan', 'F', 2, 'Senior Sales Executive', '2024-09-01', NULL, 926912, 2),
(49, 'Aditya', 'Singh', 'M', 1, 'Software Engineer', '2022-02-07', NULL, 893719, 1),
(50, 'Zoya', 'Khan', 'F', 2, 'Senior Sales Executive', '2020-10-23', NULL, 849048, 2);

INSERT INTO performance_reviews (review_id, emp_id, review_date, rating) VALUES
(1, 1, '2018-08-14', 3),
(2, 2, '2019-03-05', 4),
(3, 3, '2020-06-11', 3),
(4, 3, '2021-04-07', 4),
(5, 3, '2022-02-01', 5),
(6, 4, '2018-10-17', 4),
(7, 4, '2019-08-13', 5),
(8, 4, '2020-06-08', 4),
(9, 5, '2018-08-19', 4),
(10, 6, '2019-12-19', 3),
(11, 6, '2020-10-14', 4),
(12, 7, '2024-04-02', 4),
(13, 8, '2023-05-13', 4),
(14, 9, '2023-05-28', 5),
(15, 9, '2024-03-23', 5),
(16, 10, '2020-06-06', 4),
(17, 10, '2021-04-02', 4),
(18, 10, '2022-01-27', 4),
(19, 11, '2020-04-29', 5),
(20, 12, '2023-10-23', 4),
(21, 13, '2020-05-07', 4),
(22, 13, '2021-03-03', 5),
(23, 13, '2021-12-28', 4),
(24, 14, '2022-01-04', 4),
(25, 14, '2022-10-31', 3),
(26, 15, '2020-04-16', 4),
(27, 15, '2021-02-10', 3),
(28, 16, '2021-02-24', 4),
(29, 17, '2024-01-10', 4),
(30, 17, '2024-11-05', 4),
(31, 18, '2024-04-13', 4),
(32, 19, '2019-09-05', 4),
(33, 20, '2021-04-27', 4),
(34, 20, '2022-02-21', 4),
(35, 21, '2021-07-20', 4),
(36, 22, '2021-04-06', 5),
(37, 22, '2022-01-31', 5),
(38, 23, '2025-01-10', 5),
(39, 23, '2025-11-06', 4),
(40, 23, '2026-09-02', 3),
(41, 24, '2022-04-01', 4),
(42, 25, '2020-12-16', 5),
(43, 26, '2024-04-17', 3),
(44, 26, '2025-02-11', 3),
(45, 27, '2024-01-09', 5),
(46, 28, '2022-02-16', 5),
(47, 29, '2020-05-05', 5),
(48, 29, '2021-03-01', 5),
(49, 30, '2024-11-06', 5),
(50, 31, '2023-07-10', 4),
(51, 31, '2024-05-05', 4),
(52, 31, '2025-03-01', 3),
(53, 32, '2020-03-24', 5),
(54, 32, '2021-01-18', 2),
(55, 32, '2021-11-14', 2),
(56, 33, '2024-04-12', 5),
(57, 33, '2025-02-06', 3),
(58, 34, '2020-08-24', 4),
(59, 34, '2021-06-20', 5),
(60, 34, '2022-04-16', 4),
(61, 35, '2021-05-31', 4),
(62, 35, '2022-03-27', 3),
(63, 35, '2023-01-21', 3),
(64, 36, '2019-07-28', 5),
(65, 36, '2020-05-23', 4),
(66, 36, '2021-03-19', 5),
(67, 37, '2025-01-02', 4),
(68, 37, '2025-10-29', 5),
(69, 37, '2026-08-25', 4),
(70, 38, '2020-03-25', 5),
(71, 39, '2021-04-24', 5),
(72, 39, '2022-02-18', 4),
(73, 39, '2022-12-15', 5),
(74, 40, '2022-03-09', 5),
(75, 40, '2023-01-03', 3),
(76, 40, '2023-10-30', 2),
(77, 41, '2024-04-01', 5),
(78, 41, '2025-01-26', 2),
(79, 42, '2024-09-03', 5),
(80, 42, '2025-06-30', 5),
(81, 43, '2020-09-01', 4),
(82, 43, '2021-06-28', 5),
(83, 43, '2022-04-24', 5),
(84, 44, '2020-04-26', 4),
(85, 44, '2021-02-20', 5),
(86, 45, '2022-12-10', 4),
(87, 45, '2023-10-06', 3),
(88, 46, '2022-07-07', 5),
(89, 46, '2023-05-03', 5),
(90, 47, '2022-09-16', 3),
(91, 47, '2023-07-13', 4),
(92, 48, '2025-03-20', 4),
(93, 48, '2026-01-14', 4),
(94, 48, '2026-11-10', 4),
(95, 49, '2022-08-26', 3),
(96, 50, '2021-05-11', 4);
